school,name,geom,wkt
http://gnis-ld.org/lod/gnis/feature/2518383,Taylor Elementary School,http://gnis-ld.org/geometry/point/gnisf.2518383,<http://www.opengis.net/def/crs/OGC/1.3/CRS84>POINT(-120.4228847 34.97441)
http://gnis-ld.org/lod/gnis/feature/271026,El Camino School,http://gnis-ld.org/geometry/point/gnisf.271026,<http://www.opengis.net/def/crs/OGC/1.3/CRS84>POINT(-119.796771 34.4400091)
http://gnis-ld.org/lod/gnis/feature/1871725,Miguelito Elementary School,http://gnis-ld.org/geometry/point/gnisf.1871725,<http://www.opengis.net/def/crs/OGC/1.3/CRS84>POINT(-120.4766872 34.6336813)
http://gnis-ld.org/lod/gnis/feature/241879,El Camino Junior High School,http://gnis-ld.org/geometry/point/gnisf.241879,<http://www.opengis.net/def/crs/OGC/1.3/CRS84>POINT(-120.4388057 34.9591028)
http://gnis-ld.org/lod/gnis/feature/1871531,Arellanes Elementary School,http://gnis-ld.org/geometry/point/gnisf.1871531,<http://www.opengis.net/def/crs/OGC/1.3/CRS84>POINT(-120.4820507 34.8953428)
http://gnis-ld.org/lod/gnis/feature/239564,Bonita Elementary School,http://gnis-ld.org/geometry/point/gnisf.239564,<http://www.opengis.net/def/crs/OGC/1.3/CRS84>POINT(-120.5093022 34.9576786)
http://gnis-ld.org/lod/gnis/feature/238529,Allan Hancock College,http://gnis-ld.org/geometry/point/gnisf.238529,<http://www.opengis.net/def/crs/OGC/1.3/CRS84>POINT(-120.4210766 34.9436216)
http://gnis-ld.org/lod/gnis/feature/1871805,Santa Ynez Valley Christian Academy,http://gnis-ld.org/geometry/point/gnisf.1871805,<http://www.opengis.net/def/crs/OGC/1.3/CRS84>POINT(-120.0991005 34.6060632)
http://gnis-ld.org/lod/gnis/feature/1871713,Lompoc Grade School (historical),http://gnis-ld.org/geometry/point/gnisf.1871713,<http://www.opengis.net/def/crs/OGC/1.3/CRS84>POINT(-120.4587744 34.6424833)
http://gnis-ld.org/lod/gnis/feature/2370653,Santa Barbara College of Oriental Medicine,http://gnis-ld.org/geometry/point/gnisf.2370653,<http://www.opengis.net/def/crs/OGC/1.3/CRS84>POINT(-119.7139774 34.4300382)
http://gnis-ld.org/lod/gnis/feature/2370561,Santa Barbara Business College,http://gnis-ld.org/geometry/point/gnisf.2370561,<http://www.opengis.net/def/crs/OGC/1.3/CRS84>POINT(-119.6966434 34.4161586)
http://gnis-ld.org/lod/gnis/feature/1871947,Monte Vista Elementary School,http://gnis-ld.org/geometry/point/gnisf.1871947,<http://www.opengis.net/def/crs/OGC/1.3/CRS84>POINT(-119.7457914 34.4504995)
http://gnis-ld.org/lod/gnis/feature/250805,Montecito Union Elementary School,http://gnis-ld.org/geometry/point/gnisf.250805,<http://www.opengis.net/def/crs/OGC/1.3/CRS84>POINT(-119.6326475 34.4323492)
http://gnis-ld.org/lod/gnis/feature/1871532,Ernest Righetti High School,http://gnis-ld.org/geometry/point/gnisf.1871532,<http://www.opengis.net/def/crs/OGC/1.3/CRS84>POINT(-120.4212631 34.8845188)
http://gnis-ld.org/lod/gnis/feature/244123,Mary Buren Elementary School,http://gnis-ld.org/geometry/point/gnisf.244123,<http://www.opengis.net/def/crs/OGC/1.3/CRS84>POINT(-120.5669124 34.9701452)
http://gnis-ld.org/lod/gnis/feature/1871682,Vandenberg Middle School,http://gnis-ld.org/geometry/point/gnisf.1871682,<http://www.opengis.net/def/crs/OGC/1.3/CRS84>POINT(-120.5168712 34.7510671)
http://gnis-ld.org/lod/gnis/feature/2518360,Riverview Christian School,http://gnis-ld.org/geometry/point/gnisf.2518360,<http://www.opengis.net/def/crs/OGC/1.3/CRS84>POINT(-120.4396175 34.6537474)
http://gnis-ld.org/lod/gnis/feature/247322,Peabody Charter School,http://gnis-ld.org/geometry/point/gnisf.247322,<http://www.opengis.net/def/crs/OGC/1.3/CRS84>POINT(-119.7288923 34.4417104)
http://gnis-ld.org/lod/gnis/feature/1871547,Saint Joseph High School,http://gnis-ld.org/geometry/point/gnisf.1871547,<http://www.opengis.net/def/crs/OGC/1.3/CRS84>POINT(-120.4179104 34.8818731)
http://gnis-ld.org/lod/gnis/feature/1871638,Garey School (historical),http://gnis-ld.org/geometry/point/gnisf.1871638,<http://www.opengis.net/def/crs/OGC/1.3/CRS84>POINT(-120.3140467 34.8883126)
http://gnis-ld.org/lod/gnis/feature/1693272,Cuyama School (historical),http://gnis-ld.org/geometry/point/gnisf.1693272,<http://www.opengis.net/def/crs/OGC/1.3/CRS84>POINT(-119.595127 34.9313646)
http://gnis-ld.org/lod/gnis/feature/243187,Hapgood Elementary School,http://gnis-ld.org/geometry/point/gnisf.243187,<http://www.opengis.net/def/crs/OGC/1.3/CRS84>POINT(-120.4486797 34.6347532)
http://gnis-ld.org/lod/gnis/feature/243989,Jalama School,http://gnis-ld.org/geometry/point/gnisf.243989,<http://www.opengis.net/def/crs/OGC/1.3/CRS84>POINT(-120.4104381 34.5688739)
http://gnis-ld.org/lod/gnis/feature/1871909,Vieja Valley School,http://gnis-ld.org/geometry/point/gnisf.1871909,<http://www.opengis.net/def/crs/OGC/1.3/CRS84>POINT(-119.7693198 34.4357817)
http://gnis-ld.org/lod/gnis/feature/1871709,Maple Continuation High School,http://gnis-ld.org/geometry/point/gnisf.1871709,<http://www.opengis.net/def/crs/OGC/1.3/CRS84>POINT(-120.4706295 34.6944647)
http://gnis-ld.org/lod/gnis/feature/1871649,New Cuyama Elementary School,http://gnis-ld.org/geometry/point/gnisf.1871649,<http://www.opengis.net/def/crs/OGC/1.3/CRS84>POINT(-119.6865199 34.9446991)
http://gnis-ld.org/lod/gnis/feature/1871796,Refugio High School,http://gnis-ld.org/geometry/point/gnisf.1871796,<http://www.opengis.net/def/crs/OGC/1.3/CRS84>POINT(-120.0995205 34.608138)
http://gnis-ld.org/lod/gnis/feature/244122,Santa Maria High School,http://gnis-ld.org/geometry/point/gnisf.244122,<http://www.opengis.net/def/crs/OGC/1.3/CRS84>POINT(-120.4373504 34.9422482)
http://gnis-ld.org/lod/gnis/feature/238569,Alvin Elementary School,http://gnis-ld.org/geometry/point/gnisf.238569,<http://www.opengis.net/def/crs/OGC/1.3/CRS84>POINT(-120.4323738 34.9609713)
http://gnis-ld.org/lod/gnis/feature/238785,Artesia School,http://gnis-ld.org/geometry/point/gnisf.238785,<http://www.opengis.net/def/crs/OGC/1.3/CRS84>POINT(-120.528222 34.6610939)
http://gnis-ld.org/lod/gnis/feature/239484,Benjamin Foxen Elementary School,http://gnis-ld.org/geometry/point/gnisf.239484,<http://www.opengis.net/def/crs/OGC/1.3/CRS84>POINT(-120.2962673 34.866599)
http://gnis-ld.org/lod/gnis/feature/240356,Cate High School,http://gnis-ld.org/geometry/point/gnisf.240356,<http://www.opengis.net/def/crs/OGC/1.3/CRS84>POINT(-119.479846 34.4049215)
http://gnis-ld.org/lod/gnis/feature/240760,Cold Spring Elementary School,http://gnis-ld.org/geometry/point/gnisf.240760,<http://www.opengis.net/def/crs/OGC/1.3/CRS84>POINT(-119.6605482 34.4411153)
http://gnis-ld.org/lod/gnis/feature/240880,Cook Street School,http://gnis-ld.org/geometry/point/gnisf.240880,<http://www.opengis.net/def/crs/OGC/1.3/CRS84>POINT(-120.4401638 34.9491449)
http://gnis-ld.org/lod/gnis/feature/242144,Fairlawn Elementary School,http://gnis-ld.org/geometry/point/gnisf.242144,<http://www.opengis.net/def/crs/OGC/1.3/CRS84>POINT(-120.4474204 34.9541922)
http://gnis-ld.org/lod/gnis/feature/242456,Franklin School,http://gnis-ld.org/geometry/point/gnisf.242456,<http://www.opengis.net/def/crs/OGC/1.3/CRS84>POINT(-119.6793002 34.4263857)
http://gnis-ld.org/lod/gnis/feature/276485,Franklin School,http://gnis-ld.org/geometry/point/gnisf.276485,<http://www.opengis.net/def/crs/OGC/1.3/CRS84>POINT(-119.679578 34.4261079)
http://gnis-ld.org/lod/gnis/feature/242624,Alice F Schott Continuing Education Center,http://gnis-ld.org/geometry/point/gnisf.242624,<http://www.opengis.net/def/crs/OGC/1.3/CRS84>POINT(-119.7198584 34.4283307)
http://gnis-ld.org/lod/gnis/feature/243215,Harding University Partnership School,http://gnis-ld.org/geometry/point/gnisf.243215,<http://www.opengis.net/def/crs/OGC/1.3/CRS84>POINT(-119.7213163 34.4165258)
http://gnis-ld.org/lod/gnis/feature/244039,Jefferson School,http://gnis-ld.org/geometry/point/gnisf.244039,<http://www.opengis.net/def/crs/OGC/1.3/CRS84>POINT(-119.6943014 34.4369413)
http://gnis-ld.org/lod/gnis/feature/244398,La Cumbre Junior High School,http://gnis-ld.org/geometry/point/gnisf.244398,<http://www.opengis.net/def/crs/OGC/1.3/CRS84>POINT(-119.7283353 34.4241895)
http://gnis-ld.org/lod/gnis/feature/244847,Lincoln School,http://gnis-ld.org/geometry/point/gnisf.244847,<http://www.opengis.net/def/crs/OGC/1.3/CRS84>POINT(-119.6948566 34.4194416)
http://gnis-ld.org/lod/gnis/feature/276486,Lincoln School,http://gnis-ld.org/geometry/point/gnisf.276486,<http://www.opengis.net/def/crs/OGC/1.3/CRS84>POINT(-119.6962456 34.4186083)
http://gnis-ld.org/lod/gnis/feature/245477,Maple School,http://gnis-ld.org/geometry/point/gnisf.245477,<http://www.opengis.net/def/crs/OGC/1.3/CRS84>POINT(-120.4932205 34.653594)
http://gnis-ld.org/lod/gnis/feature/245705,McKinley Elementary School,http://gnis-ld.org/geometry/point/gnisf.245705,<http://www.opengis.net/def/crs/OGC/1.3/CRS84>POINT(-119.7014875 34.4077406)
http://gnis-ld.org/lod/gnis/feature/245937,Miller Elementary School,http://gnis-ld.org/geometry/point/gnisf.245937,<http://www.opengis.net/def/crs/OGC/1.3/CRS84>POINT(-120.4308664 34.9410357)
http://gnis-ld.org/lod/gnis/feature/246130,Montecito School for Girls,http://gnis-ld.org/geometry/point/gnisf.246130,<http://www.opengis.net/def/crs/OGC/1.3/CRS84>POINT(-119.6373533 34.4294405)
http://gnis-ld.org/lod/gnis/feature/246542,Joe Nightingale Elementary School,http://gnis-ld.org/geometry/point/gnisf.246542,<http://www.opengis.net/def/crs/OGC/1.3/CRS84>POINT(-120.4338114 34.8988183)
http://gnis-ld.org/lod/gnis/feature/248197,Rinconada School,http://gnis-ld.org/geometry/point/gnisf.248197,<http://www.opengis.net/def/crs/OGC/1.3/CRS84>POINT(-120.323212 34.6099849)
http://gnis-ld.org/lod/gnis/feature/248263,Robert Bruce Elementary School,http://gnis-ld.org/geometry/point/gnisf.248263,<http://www.opengis.net/def/crs/OGC/1.3/CRS84>POINT(-120.4424008 34.9611508)
http://gnis-ld.org/lod/gnis/feature/248360,Roosevelt Elementary School,http://gnis-ld.org/geometry/point/gnisf.248360,<http://www.opengis.net/def/crs/OGC/1.3/CRS84>POINT(-119.7101697 34.4359083)
http://gnis-ld.org/lod/gnis/feature/248547,Santa Barbara Middle School,http://gnis-ld.org/geometry/point/gnisf.248547,<http://www.opengis.net/def/crs/OGC/1.3/CRS84>POINT(-119.6950483 34.4370145)
http://gnis-ld.org/lod/gnis/feature/248914,San Marcos School,http://gnis-ld.org/geometry/point/gnisf.248914,<http://www.opengis.net/def/crs/OGC/1.3/CRS84>POINT(-119.8073621 34.5419381)
http://gnis-ld.org/lod/gnis/feature/248961,El Montecito School - San Roque,http://gnis-ld.org/geometry/point/gnisf.248961,<http://www.opengis.net/def/crs/OGC/1.3/CRS84>POINT(-119.7327833 34.4443502)
http://gnis-ld.org/lod/gnis/feature/249037,Santa Barbara City College,http://gnis-ld.org/geometry/point/gnisf.249037,<http://www.opengis.net/def/crs/OGC/1.3/CRS84>POINT(-119.6990384 34.4061346)
http://gnis-ld.org/lod/gnis/feature/249038,Santa Barbara College,http://gnis-ld.org/geometry/point/gnisf.249038,<http://www.opengis.net/def/crs/OGC/1.3/CRS84>POINT(-119.7051356 34.4388859)
http://gnis-ld.org/lod/gnis/feature/276475,Santa Barbara College,http://gnis-ld.org/geometry/point/gnisf.276475,<http://www.opengis.net/def/crs/OGC/1.3/CRS84>POINT(-119.6973564 34.4063863)
http://gnis-ld.org/lod/gnis/feature/249041,Santa Barbara High School,http://gnis-ld.org/geometry/point/gnisf.249041,<http://www.opengis.net/def/crs/OGC/1.3/CRS84>POINT(-119.6940235 34.4291637)
http://gnis-ld.org/lod/gnis/feature/1872085,Santa Barbara High School,http://gnis-ld.org/geometry/point/gnisf.1872085,<http://www.opengis.net/def/crs/OGC/1.3/CRS84>POINT(-119.6942243 34.4295301)
http://gnis-ld.org/lod/gnis/feature/249044,Antioch University Santa Barbara Campus,http://gnis-ld.org/geometry/point/gnisf.249044,<http://www.opengis.net/def/crs/OGC/1.3/CRS84>POINT(-119.6958265 34.41928)
http://gnis-ld.org/lod/gnis/feature/249045,Santa Barbara Junior High School,http://gnis-ld.org/geometry/point/gnisf.249045,<http://www.opengis.net/def/crs/OGC/1.3/CRS84>POINT(-119.6886167 34.4261579)
http://gnis-ld.org/lod/gnis/feature/249135,Santa Ynez Valley Union High School,http://gnis-ld.org/geometry/point/gnisf.249135,<http://www.opengis.net/def/crs/OGC/1.3/CRS84>POINT(-120.0995274 34.607864)
http://gnis-ld.org/lod/gnis/feature/250795,Lompoc Valley Middle School,http://gnis-ld.org/geometry/point/gnisf.250795,<http://www.opengis.net/def/crs/OGC/1.3/CRS84>POINT(-120.4647777 34.6365309)
http://gnis-ld.org/lod/gnis/feature/250806,Orcutt Junior High School,http://gnis-ld.org/geometry/point/gnisf.250806,<http://www.opengis.net/def/crs/OGC/1.3/CRS84>POINT(-120.4409511 34.8621664)
http://gnis-ld.org/lod/gnis/feature/251413,Westmont College,http://gnis-ld.org/geometry/point/gnisf.251413,<http://www.opengis.net/def/crs/OGC/1.3/CRS84>POINT(-119.6615247 34.4504232)
http://gnis-ld.org/lod/gnis/feature/251698,Wilson School,http://gnis-ld.org/geometry/point/gnisf.251698,<http://www.opengis.net/def/crs/OGC/1.3/CRS84>POINT(-119.7095797 34.4191641)
http://gnis-ld.org/lod/gnis/feature/2548530,Allan Hancock College - Solvang Center,http://gnis-ld.org/geometry/point/gnisf.2548530,<http://www.opengis.net/def/crs/OGC/1.3/CRS84>POINT(-120.140057 34.591834)
http://gnis-ld.org/lod/gnis/feature/269490,Aliso Elementary School,http://gnis-ld.org/geometry/point/gnisf.269490,<http://www.opengis.net/def/crs/OGC/1.3/CRS84>POINT(-119.5268278 34.4011716)
http://gnis-ld.org/lod/gnis/feature/270353,Cathedral Oaks School,http://gnis-ld.org/geometry/point/gnisf.270353,<http://www.opengis.net/def/crs/OGC/1.3/CRS84>POINT(-119.7881944 34.4447191)
http://gnis-ld.org/lod/gnis/feature/270683,Crane Country Day School,http://gnis-ld.org/geometry/point/gnisf.270683,<http://www.opengis.net/def/crs/OGC/1.3/CRS84>POINT(-119.6200742 34.4245595)
http://gnis-ld.org/lod/gnis/feature/270725,Cuyama Valley High School,http://gnis-ld.org/geometry/point/gnisf.270725,<http://www.opengis.net/def/crs/OGC/1.3/CRS84>POINT(-119.674754 34.9437474)
http://gnis-ld.org/lod/gnis/feature/270847,Devereaux Ranch School,http://gnis-ld.org/geometry/point/gnisf.270847,<http://www.opengis.net/def/crs/OGC/1.3/CRS84>POINT(-119.8762496 34.4105512)
http://gnis-ld.org/lod/gnis/feature/271053,Ellwood Elementary School,http://gnis-ld.org/geometry/point/gnisf.271053,<http://www.opengis.net/def/crs/OGC/1.3/CRS84>POINT(-119.8959836 34.4302053)
http://gnis-ld.org/lod/gnis/feature/271168,Foothill Elementary School,http://gnis-ld.org/geometry/point/gnisf.271168,<http://www.opengis.net/def/crs/OGC/1.3/CRS84>POINT(-119.8010358 34.4501295)
http://gnis-ld.org/lod/gnis/feature/271348,Goleta Valley Junior High School,http://gnis-ld.org/geometry/point/gnisf.271348,<http://www.opengis.net/def/crs/OGC/1.3/CRS84>POINT(-119.8348111 34.450572)
http://gnis-ld.org/lod/gnis/feature/271620,Hope School,http://gnis-ld.org/geometry/point/gnisf.271620,<http://www.opengis.net/def/crs/OGC/1.3/CRS84>POINT(-119.7538862 34.444621)
http://gnis-ld.org/lod/gnis/feature/271741,Isla Vista Elementary School,http://gnis-ld.org/geometry/point/gnisf.271741,<http://www.opengis.net/def/crs/OGC/1.3/CRS84>POINT(-119.8688993 34.4165601)
http://gnis-ld.org/lod/gnis/feature/271925,La Colina Junior High School,http://gnis-ld.org/geometry/point/gnisf.271925,<http://www.opengis.net/def/crs/OGC/1.3/CRS84>POINT(-119.7560071 34.4498853)
http://gnis-ld.org/lod/gnis/feature/271938,La Patera School,http://gnis-ld.org/geometry/point/gnisf.271938,<http://www.opengis.net/def/crs/OGC/1.3/CRS84>POINT(-119.847125 34.4474554)
http://gnis-ld.org/lod/gnis/feature/271953,Laguna Blanca School,http://gnis-ld.org/geometry/point/gnisf.271953,<http://www.opengis.net/def/crs/OGC/1.3/CRS84>POINT(-119.7634763 34.4229841)
http://gnis-ld.org/lod/gnis/feature/272454,Midland School,http://gnis-ld.org/geometry/point/gnisf.272454,<http://www.opengis.net/def/crs/OGC/1.3/CRS84>POINT(-120.0873059 34.731822)
http://gnis-ld.org/lod/gnis/feature/272586,Mountain View School,http://gnis-ld.org/geometry/point/gnisf.272586,<http://www.opengis.net/def/crs/OGC/1.3/CRS84>POINT(-119.815463 34.4548826)
http://gnis-ld.org/lod/gnis/feature/273402,Saint Vincents School,http://gnis-ld.org/geometry/point/gnisf.273402,<http://www.opengis.net/def/crs/OGC/1.3/CRS84>POINT(-119.7623608 34.4424975)
http://gnis-ld.org/lod/gnis/feature/273503,San Marcos High School,http://gnis-ld.org/geometry/point/gnisf.273503,<http://www.opengis.net/def/crs/OGC/1.3/CRS84>POINT(-119.7880425 34.4382432)
http://gnis-ld.org/lod/gnis/feature/274273,Union School,http://gnis-ld.org/geometry/point/gnisf.274273,<http://www.opengis.net/def/crs/OGC/1.3/CRS84>POINT(-119.8231943 34.4349963)
http://gnis-ld.org/lod/gnis/feature/274278,University of California Santa Barbara,http://gnis-ld.org/geometry/point/gnisf.274278,<http://www.opengis.net/def/crs/OGC/1.3/CRS84>POINT(-119.8463925 34.4163232)
http://gnis-ld.org/lod/gnis/feature/274308,Dunn School,http://gnis-ld.org/geometry/point/gnisf.274308,<http://www.opengis.net/def/crs/OGC/1.3/CRS84>POINT(-120.1019543 34.656001)
http://gnis-ld.org/lod/gnis/feature/274350,Vista Del Mar Union School,http://gnis-ld.org/geometry/point/gnisf.274350,<http://www.opengis.net/def/crs/OGC/1.3/CRS84>POINT(-120.1995933 34.4741559)
http://gnis-ld.org/lod/gnis/feature/1872000,Guadalupe School,http://gnis-ld.org/geometry/point/gnisf.1872000,<http://www.opengis.net/def/crs/OGC/1.3/CRS84>POINT(-119.6837449 34.4230525)
http://gnis-ld.org/lod/gnis/feature/1871714,Lompoc High School,http://gnis-ld.org/geometry/point/gnisf.1871714,<http://www.opengis.net/def/crs/OGC/1.3/CRS84>POINT(-120.464175 34.6479254)
http://gnis-ld.org/lod/gnis/feature/2518331,Anacapa School,http://gnis-ld.org/geometry/point/gnisf.2518331,<http://www.opengis.net/def/crs/OGC/1.3/CRS84>POINT(-119.6971311 34.4222211)
http://gnis-ld.org/lod/gnis/feature/1871669,Saint Louis De Montfort Catholic School,http://gnis-ld.org/geometry/point/gnisf.1871669,<http://www.opengis.net/def/crs/OGC/1.3/CRS84>POINT(-120.4147974 34.8635202)
http://gnis-ld.org/lod/gnis/feature/1871750,Ballard Elementary School,http://gnis-ld.org/geometry/point/gnisf.1871750,<http://www.opengis.net/def/crs/OGC/1.3/CRS84>POINT(-120.1136578 34.6396093)
http://gnis-ld.org/lod/gnis/feature/2518371,Goleta Family School,http://gnis-ld.org/geometry/point/gnisf.2518371,<http://www.opengis.net/def/crs/OGC/1.3/CRS84>POINT(-119.801402 34.4501447)
http://gnis-ld.org/lod/gnis/feature/2518385,Sanchez Elementary School,http://gnis-ld.org/geometry/point/gnisf.2518385,<http://www.opengis.net/def/crs/OGC/1.3/CRS84>POINT(-120.446729 34.9393471)
http://gnis-ld.org/lod/gnis/feature/2518354,Garden Street Academy,http://gnis-ld.org/geometry/point/gnisf.2518354,<http://www.opengis.net/def/crs/OGC/1.3/CRS84>POINT(-119.7156782 34.4391355)
http://gnis-ld.org/lod/gnis/feature/1872004,Lawrence M Parma School for Handicapped Children,http://gnis-ld.org/geometry/point/gnisf.1872004,<http://www.opengis.net/def/crs/OGC/1.3/CRS84>POINT(-119.682356 34.4249969)
http://gnis-ld.org/lod/gnis/feature/1871526,Alice Shaw Elementary School,http://gnis-ld.org/geometry/point/gnisf.1871526,<http://www.opengis.net/def/crs/OGC/1.3/CRS84>POINT(-120.4261344 34.8895182)
http://gnis-ld.org/lod/gnis/feature/1872128,Main Elementary School,http://gnis-ld.org/geometry/point/gnisf.1872128,<http://www.opengis.net/def/crs/OGC/1.3/CRS84>POINT(-119.5181785 34.3955506)
http://gnis-ld.org/lod/gnis/feature/1871692,Cabrillo High School,http://gnis-ld.org/geometry/point/gnisf.1871692,<http://www.opengis.net/def/crs/OGC/1.3/CRS84>POINT(-120.4740624 34.7122982)
http://gnis-ld.org/lod/gnis/feature/1871946,Monroe Elementary School,http://gnis-ld.org/geometry/point/gnisf.1871946,<http://www.opengis.net/def/crs/OGC/1.3/CRS84>POINT(-119.730586 34.4047575)
http://gnis-ld.org/lod/gnis/feature/1871836,Santa Barbara Montessori School,http://gnis-ld.org/geometry/point/gnisf.1871836,<http://www.opengis.net/def/crs/OGC/1.3/CRS84>POINT(-119.8859586 34.4385595)
http://gnis-ld.org/lod/gnis/feature/1871707,La Ca√±ada Elementary School,http://gnis-ld.org/geometry/point/gnisf.1871707,<http://www.opengis.net/def/crs/OGC/1.3/CRS84>POINT(-120.4650753 34.6539335)
http://gnis-ld.org/lod/gnis/feature/1872065,Our Lady of Mount Carmel School,http://gnis-ld.org/geometry/point/gnisf.1872065,<http://www.opengis.net/def/crs/OGC/1.3/CRS84>POINT(-119.6414823 34.4371557)
http://gnis-ld.org/lod/gnis/feature/2518353,San Lorenzo Seminary,http://gnis-ld.org/geometry/point/gnisf.2518353,<http://www.opengis.net/def/crs/OGC/1.3/CRS84>POINT(-120.0269875 34.6427642)
http://gnis-ld.org/lod/gnis/feature/2518362,The Santa Ynez Valley Family School,http://gnis-ld.org/geometry/point/gnisf.2518362,<http://www.opengis.net/def/crs/OGC/1.3/CRS84>POINT(-120.0857876 34.7349462)
http://gnis-ld.org/lod/gnis/feature/1871812,Solvang School,http://gnis-ld.org/geometry/point/gnisf.1871812,<http://www.opengis.net/def/crs/OGC/1.3/CRS84>POINT(-120.1417263 34.5978994)
http://gnis-ld.org/lod/gnis/feature/2518322,Childrens House Montessori School,http://gnis-ld.org/geometry/point/gnisf.2518322,<http://www.opengis.net/def/crs/OGC/1.3/CRS84>POINT(-120.4136684 34.8842229)
http://gnis-ld.org/lod/gnis/feature/1871695,Clarence Ruth Elementary School,http://gnis-ld.org/geometry/point/gnisf.1871695,<http://www.opengis.net/def/crs/OGC/1.3/CRS84>POINT(-120.4771374 34.6457166)
http://gnis-ld.org/lod/gnis/feature/1871722,Manzanita Public Charter School,http://gnis-ld.org/geometry/point/gnisf.1871722,<http://www.opengis.net/def/crs/OGC/1.3/CRS84>POINT(-120.5070217 34.7476148)
http://gnis-ld.org/lod/gnis/feature/1871552,Valley Christian Academy,http://gnis-ld.org/geometry/point/gnisf.1871552,<http://www.opengis.net/def/crs/OGC/1.3/CRS84>POINT(-120.4296353 34.906359)
http://gnis-ld.org/lod/gnis/feature/1871803,Santa Ynez Elementary School,http://gnis-ld.org/geometry/point/gnisf.1871803,<http://www.opengis.net/def/crs/OGC/1.3/CRS84>POINT(-120.0877331 34.6161031)
http://gnis-ld.org/lod/gnis/feature/2518391,Santa Ynez Valley Charter School,http://gnis-ld.org/geometry/point/gnisf.2518391,<http://www.opengis.net/def/crs/OGC/1.3/CRS84>POINT(-120.0830258 34.6167326)
http://gnis-ld.org/lod/gnis/feature/1871892,Montessori Center School,http://gnis-ld.org/geometry/point/gnisf.1871892,<http://www.opengis.net/def/crs/OGC/1.3/CRS84>POINT(-119.8313401 34.4474)
http://gnis-ld.org/lod/gnis/feature/1693218,San Julian School (historical),http://gnis-ld.org/geometry/point/gnisf.1693218,<http://www.opengis.net/def/crs/OGC/1.3/CRS84>POINT(-120.335434 34.5258199)
http://gnis-ld.org/lod/gnis/feature/1871527,Betteravia School (historical),http://gnis-ld.org/geometry/point/gnisf.1871527,<http://www.opengis.net/def/crs/OGC/1.3/CRS84>POINT(-120.5212785 34.9180342)
http://gnis-ld.org/lod/gnis/feature/1871849,Brandon Elementary School,http://gnis-ld.org/geometry/point/gnisf.1871849,<http://www.opengis.net/def/crs/OGC/1.3/CRS84>POINT(-119.8936338 34.4388532)
http://gnis-ld.org/lod/gnis/feature/2551027,College Elementary School,http://gnis-ld.org/geometry/point/gnisf.2551027,<http://www.opengis.net/def/crs/OGC/1.3/CRS84>POINT(-120.0832627 34.61651)
http://gnis-ld.org/lod/gnis/feature/2518348,Foothill High School,http://gnis-ld.org/geometry/point/gnisf.2518348,<http://www.opengis.net/def/crs/OGC/1.3/CRS84>POINT(-119.5175637 34.4106545)
http://gnis-ld.org/lod/gnis/feature/1871972,Washington Elementary School,http://gnis-ld.org/geometry/point/gnisf.1871972,<http://www.opengis.net/def/crs/OGC/1.3/CRS84>POINT(-119.7212324 34.3983793)
http://gnis-ld.org/lod/gnis/feature/1871557,Allan Hancock College - South Campus,http://gnis-ld.org/geometry/point/gnisf.1871557,<http://www.opengis.net/def/crs/OGC/1.3/CRS84>POINT(-120.421293 34.936414)
http://gnis-ld.org/lod/gnis/feature/1872102,Carpinteria High School,http://gnis-ld.org/geometry/point/gnisf.1872102,<http://www.opengis.net/def/crs/OGC/1.3/CRS84>POINT(-119.5175504 34.4106092)
http://gnis-ld.org/lod/gnis/feature/1871546,Pacific Christian School,http://gnis-ld.org/geometry/point/gnisf.1871546,<http://www.opengis.net/def/crs/OGC/1.3/CRS84>POINT(-120.4241286 34.8955932)
http://gnis-ld.org/lod/gnis/feature/1871712,Lompoc Adult School,http://gnis-ld.org/geometry/point/gnisf.1871712,<http://www.opengis.net/def/crs/OGC/1.3/CRS84>POINT(-120.4640741 34.6479485)
http://gnis-ld.org/lod/gnis/feature/2518367,Children's Montessori School,http://gnis-ld.org/geometry/point/gnisf.2518367,<http://www.opengis.net/def/crs/OGC/1.3/CRS84>POINT(-120.465617 34.7043638)
http://gnis-ld.org/lod/gnis/feature/1872124,Immaculate Heart of Mary Novitiate (historical),http://gnis-ld.org/geometry/point/gnisf.1872124,<http://www.opengis.net/def/crs/OGC/1.3/CRS84>POINT(-119.6237417 34.4447178)
http://gnis-ld.org/lod/gnis/feature/2548516,Allan Hancock College - Vandenberg Air Force Base Center,http://gnis-ld.org/geometry/point/gnisf.2548516,<http://www.opengis.net/def/crs/OGC/1.3/CRS84>POINT(-120.537572 34.750463)
http://gnis-ld.org/lod/gnis/feature/1871653,Olive School (historical),http://gnis-ld.org/geometry/point/gnisf.1871653,<http://www.opengis.net/def/crs/OGC/1.3/CRS84>POINT(-120.2662666 34.8549799)
http://gnis-ld.org/lod/gnis/feature/1872078,Santa Barbara Community Academy,http://gnis-ld.org/geometry/point/gnisf.1872078,<http://www.opengis.net/def/crs/OGC/1.3/CRS84>POINT(-119.7283506 34.4235906)
http://gnis-ld.org/lod/gnis/feature/2518390,Olive Grove Charter School,http://gnis-ld.org/geometry/point/gnisf.2518390,<http://www.opengis.net/def/crs/OGC/1.3/CRS84>POINT(-120.1109049 34.6650077)
http://gnis-ld.org/lod/gnis/feature/1871996,Franklin Elementary School,http://gnis-ld.org/geometry/point/gnisf.1871996,<http://www.opengis.net/def/crs/OGC/1.3/CRS84>POINT(-119.6779279 34.4255552)
http://gnis-ld.org/lod/gnis/feature/1871862,Saint Raphael Elementary School,http://gnis-ld.org/geometry/point/gnisf.1871862,<http://www.opengis.net/def/crs/OGC/1.3/CRS84>POINT(-119.814784 34.4367933)
http://gnis-ld.org/lod/gnis/feature/2518328,Liberty Elementary School,http://gnis-ld.org/geometry/point/gnisf.2518328,<http://www.opengis.net/def/crs/OGC/1.3/CRS84>POINT(-120.4563704 34.9279052)
http://gnis-ld.org/lod/gnis/feature/2518368,Vista de las Cruces School,http://gnis-ld.org/geometry/point/gnisf.2518368,<http://www.opengis.net/def/crs/OGC/1.3/CRS84>POINT(-120.2296933 34.5081434)
http://gnis-ld.org/lod/gnis/feature/1871721,Los Berros Elementary School,http://gnis-ld.org/geometry/point/gnisf.1871721,<http://www.opengis.net/def/crs/OGC/1.3/CRS84>POINT(-120.4332989 34.6961775)
http://gnis-ld.org/lod/gnis/feature/2518361,San Marcos Continuation High School,http://gnis-ld.org/geometry/point/gnisf.2518361,<http://www.opengis.net/def/crs/OGC/1.3/CRS84>POINT(-119.7879981 34.4381647)
http://gnis-ld.org/lod/gnis/feature/1871589,Juan Pacifico Ontiveros Elementary School,http://gnis-ld.org/geometry/point/gnisf.1871589,<http://www.opengis.net/def/crs/OGC/1.3/CRS84>POINT(-120.4469174 34.9767179)
http://gnis-ld.org/lod/gnis/feature/2548585,Marian and Severson Theatres (Allan Hancock College - Main Campus),http://gnis-ld.org/geometry/point/gnisf.2548585,<http://www.opengis.net/def/crs/OGC/1.3/CRS84>POINT(-120.418696 34.943257)
http://gnis-ld.org/lod/gnis/feature/1872072,Saint Marys Seminary,http://gnis-ld.org/geometry/point/gnisf.1872072,<http://www.opengis.net/def/crs/OGC/1.3/CRS84>POINT(-119.694302 34.4591632)
http://gnis-ld.org/lod/gnis/feature/2548575,Joe White Memorial Gymnasium (Allan Hancock College - Main Campus),http://gnis-ld.org/geometry/point/gnisf.2548575,<http://www.opengis.net/def/crs/OGC/1.3/CRS84>POINT(-120.422001 34.945086)
http://gnis-ld.org/lod/gnis/feature/1872062,Notre Dame School,http://gnis-ld.org/geometry/point/gnisf.1872062,<http://www.opengis.net/def/crs/OGC/1.3/CRS84>POINT(-119.7077207 34.4271535)
http://gnis-ld.org/lod/gnis/feature/1871643,Fesler Junior High School,http://gnis-ld.org/geometry/point/gnisf.1871643,<http://www.opengis.net/def/crs/OGC/1.3/CRS84>POINT(-120.4199391 34.9559593)
http://gnis-ld.org/lod/gnis/feature/1871711,Leonora Fillmore Elementary School,http://gnis-ld.org/geometry/point/gnisf.1871711,<http://www.opengis.net/def/crs/OGC/1.3/CRS84>POINT(-120.4427364 34.6506529)
http://gnis-ld.org/lod/gnis/feature/2518387,Mission Valley School,http://gnis-ld.org/geometry/point/gnisf.2518387,<http://www.opengis.net/def/crs/OGC/1.3/CRS84>POINT(-120.4496563 34.6589117)
http://gnis-ld.org/lod/gnis/feature/2518324,Sierra Madre Continuation High School,http://gnis-ld.org/geometry/point/gnisf.2518324,<http://www.opengis.net/def/crs/OGC/1.3/CRS84>POINT(-119.6745557 34.9436635)
http://gnis-ld.org/lod/gnis/feature/2518334,Cuyama Christian Academy,http://gnis-ld.org/geometry/point/gnisf.2518334,<http://www.opengis.net/def/crs/OGC/1.3/CRS84>POINT(-119.687925 34.9433354)
http://gnis-ld.org/lod/gnis/feature/1871833,Dos Pueblos Continuation High School,http://gnis-ld.org/geometry/point/gnisf.1871833,<http://www.opengis.net/def/crs/OGC/1.3/CRS84>POINT(-119.8786002 34.4383708)
http://gnis-ld.org/lod/gnis/feature/2518388,Camino Real Community Partnership Academy,http://gnis-ld.org/geometry/point/gnisf.2518388,<http://www.opengis.net/def/crs/OGC/1.3/CRS84>POINT(-120.4508496 34.6596347)
http://gnis-ld.org/lod/gnis/feature/2518358,Faith Academy,http://gnis-ld.org/geometry/point/gnisf.2518358,<http://www.opengis.net/def/crs/OGC/1.3/CRS84>POINT(-119.81478 34.45281)
http://gnis-ld.org/lod/gnis/feature/1871541,Kermit McKenzie Junior High School,http://gnis-ld.org/geometry/point/gnisf.1871541,<http://www.opengis.net/def/crs/OGC/1.3/CRS84>POINT(-120.5788295 34.9569463)
http://gnis-ld.org/lod/gnis/feature/1872113,College of the Queen of Peace Jesuit Novitiate,http://gnis-ld.org/geometry/point/gnisf.1872113,<http://www.opengis.net/def/crs/OGC/1.3/CRS84>POINT(-119.5806834 34.4419394)
http://gnis-ld.org/lod/gnis/feature/1871910,Adams Elementary School,http://gnis-ld.org/geometry/point/gnisf.1871910,<http://www.opengis.net/def/crs/OGC/1.3/CRS84>POINT(-119.734271 34.4324674)
http://gnis-ld.org/lod/gnis/feature/2518393,Adelante Charter School,http://gnis-ld.org/geometry/point/gnisf.2518393,<http://www.opengis.net/def/crs/OGC/1.3/CRS84>POINT(-119.678874 34.4248418)
http://gnis-ld.org/lod/gnis/feature/2518343,Crossroads Christian Junior High School,http://gnis-ld.org/geometry/point/gnisf.2518343,<http://www.opengis.net/def/crs/OGC/1.3/CRS84>POINT(-120.4232851 34.9327258)
http://gnis-ld.org/lod/gnis/feature/2518366,New Life Christian Academy,http://gnis-ld.org/geometry/point/gnisf.2518366,<http://www.opengis.net/def/crs/OGC/1.3/CRS84>POINT(-120.4510888 34.6510433)
http://gnis-ld.org/lod/gnis/feature/1871571,Cypress Street Kindergarten,http://gnis-ld.org/geometry/point/gnisf.1871571,<http://www.opengis.net/def/crs/OGC/1.3/CRS84>POINT(-120.439886 34.9508114)
http://gnis-ld.org/lod/gnis/feature/2518364,La Purisima Conception Catholic School,http://gnis-ld.org/geometry/point/gnisf.2518364,<http://www.opengis.net/def/crs/OGC/1.3/CRS84>POINT(-120.4602383 34.6346121)
http://gnis-ld.org/lod/gnis/feature/2518350,Saint John of Damascus Academy,http://gnis-ld.org/geometry/point/gnisf.2518350,<http://www.opengis.net/def/crs/OGC/1.3/CRS84>POINT(-119.8312437 34.4485155)
http://gnis-ld.org/lod/gnis/feature/1871875,Bishop Garcia Diego High School,http://gnis-ld.org/geometry/point/gnisf.1871875,<http://www.opengis.net/def/crs/OGC/1.3/CRS84>POINT(-119.7587995 34.4448614)
http://gnis-ld.org/lod/gnis/feature/1872008,Notre Dame Academy of Santa Barbara,http://gnis-ld.org/geometry/point/gnisf.1872008,<http://www.opengis.net/def/crs/OGC/1.3/CRS84>POINT(-119.7159694 34.435275)
http://gnis-ld.org/lod/gnis/feature/1871599,Orange Street Kindergarten,http://gnis-ld.org/geometry/point/gnisf.1871599,<http://www.opengis.net/def/crs/OGC/1.3/CRS84>POINT(-120.4312745 34.9491449)
http://gnis-ld.org/lod/gnis/feature/2518321,Santa Barbara Charter School,http://gnis-ld.org/geometry/point/gnisf.2518321,<http://www.opengis.net/def/crs/OGC/1.3/CRS84>POINT(-119.8348111 34.4501524)
http://gnis-ld.org/lod/gnis/feature/1871858,Rainbow School,http://gnis-ld.org/geometry/point/gnisf.1871858,<http://www.opengis.net/def/crs/OGC/1.3/CRS84>POINT(-119.8234738 34.4349393)
http://gnis-ld.org/lod/gnis/feature/2370613,Santa Barbara Business College - Santa Maria,http://gnis-ld.org/geometry/point/gnisf.2370613,<http://www.opengis.net/def/crs/OGC/1.3/CRS84>POINT(-120.4332988 34.9377317)
http://gnis-ld.org/lod/gnis/feature/1871623,Adam Elementary School,http://gnis-ld.org/geometry/point/gnisf.1871623,<http://www.opengis.net/def/crs/OGC/1.3/CRS84>POINT(-120.4425769 34.9362424)
http://gnis-ld.org/lod/gnis/feature/1871635,Cuyama Elementary School,http://gnis-ld.org/geometry/point/gnisf.1871635,<http://www.opengis.net/def/crs/OGC/1.3/CRS84>POINT(-119.6091413 34.9321126)
http://gnis-ld.org/lod/gnis/feature/2518333,Coastline Christian Academy,http://gnis-ld.org/geometry/point/gnisf.2518333,<http://www.opengis.net/def/crs/OGC/1.3/CRS84>POINT(-119.8286084 34.4517469)
http://gnis-ld.org/lod/gnis/feature/1872061,Music Academy of the West,http://gnis-ld.org/geometry/point/gnisf.1872061,<http://www.opengis.net/def/crs/OGC/1.3/CRS84>POINT(-119.6484648 34.4191632)
http://gnis-ld.org/lod/gnis/feature/1871684,Wollam Elementary School,http://gnis-ld.org/geometry/point/gnisf.1871684,<http://www.opengis.net/def/crs/OGC/1.3/CRS84>POINT(-120.5335831 34.8370962)
http://gnis-ld.org/lod/gnis/feature/1872003,La Cuesta High School,http://gnis-ld.org/geometry/point/gnisf.1872003,<http://www.opengis.net/def/crs/OGC/1.3/CRS84>POINT(-119.70069 34.408053)
http://gnis-ld.org/lod/gnis/feature/1871829,Community Christian School,http://gnis-ld.org/geometry/point/gnisf.1871829,<http://www.opengis.net/def/crs/OGC/1.3/CRS84>POINT(-119.7995836 34.4524965)
http://gnis-ld.org/lod/gnis/feature/1871775,Jonata Middle School,http://gnis-ld.org/geometry/point/gnisf.1871775,<http://www.opengis.net/def/crs/OGC/1.3/CRS84>POINT(-120.1990078 34.6184644)
http://gnis-ld.org/lod/gnis/feature/1871926,Hillside House,http://gnis-ld.org/geometry/point/gnisf.1871926,<http://www.opengis.net/def/crs/OGC/1.3/CRS84>POINT(-119.7433035 34.419451)
http://gnis-ld.org/lod/gnis/feature/2518365,Santa Barbara Charter Middle School,http://gnis-ld.org/geometry/point/gnisf.2518365,<http://www.opengis.net/def/crs/OGC/1.3/CRS84>POINT(-119.8346338 34.4499591)
http://gnis-ld.org/lod/gnis/feature/1871664,Ralph Dunlap Elementary School,http://gnis-ld.org/geometry/point/gnisf.1871664,<http://www.opengis.net/def/crs/OGC/1.3/CRS84>POINT(-120.4135924 34.8694982)
http://gnis-ld.org/lod/gnis/feature/1871607,Saint Mary of the Assumption School,http://gnis-ld.org/geometry/point/gnisf.1871607,<http://www.opengis.net/def/crs/OGC/1.3/CRS84>POINT(-120.4310634 34.9512205)
http://gnis-ld.org/lod/gnis/feature/2518329,Christian Life School,http://gnis-ld.org/geometry/point/gnisf.2518329,<http://www.opengis.net/def/crs/OGC/1.3/CRS84>POINT(-120.4427222 34.9597804)
http://gnis-ld.org/lod/gnis/feature/1871646,May Grisham School,http://gnis-ld.org/geometry/point/gnisf.1871646,<http://www.opengis.net/def/crs/OGC/1.3/CRS84>POINT(-120.44015 34.8624486)
http://gnis-ld.org/lod/gnis/feature/1871594,Tunnell Elementary School,http://gnis-ld.org/geometry/point/gnisf.1871594,<http://www.opengis.net/def/crs/OGC/1.3/CRS84>POINT(-120.4146068 34.9645032)
http://gnis-ld.org/lod/gnis/feature/1871691,Buena Vista Elementary School,http://gnis-ld.org/geometry/point/gnisf.1871691,<http://www.opengis.net/def/crs/OGC/1.3/CRS84>POINT(-120.4647243 34.7093878)
http://gnis-ld.org/lod/gnis/feature/2518338,El Montecito School,http://gnis-ld.org/geometry/point/gnisf.2518338,<http://www.opengis.net/def/crs/OGC/1.3/CRS84>POINT(-119.6927481 34.4275053)
http://gnis-ld.org/lod/gnis/feature/1871708,La Honda STEAM Academy,http://gnis-ld.org/geometry/point/gnisf.1871708,<http://www.opengis.net/def/crs/OGC/1.3/CRS84>POINT(-120.4496334 34.6577711)
http://gnis-ld.org/lod/gnis/feature/2518386,Orcutt Academy Charter School,http://gnis-ld.org/geometry/point/gnisf.2518386,<http://www.opengis.net/def/crs/OGC/1.3/CRS84>POINT(-120.4425991 34.8616895)
http://gnis-ld.org/lod/gnis/feature/1871788,Los Olivos Elementary School,http://gnis-ld.org/geometry/point/gnisf.1871788,<http://www.opengis.net/def/crs/OGC/1.3/CRS84>POINT(-120.1111706 34.664649)
http://gnis-ld.org/lod/gnis/feature/2518392,Community Day School,http://gnis-ld.org/geometry/point/gnisf.2518392,<http://www.opengis.net/def/crs/OGC/1.3/CRS84>POINT(-119.7560642 34.4496035)
http://gnis-ld.org/lod/gnis/feature/1871795,Olga Reed Elementary School,http://gnis-ld.org/geometry/point/gnisf.1871795,<http://www.opengis.net/def/crs/OGC/1.3/CRS84>POINT(-120.2791474 34.7397452)
http://gnis-ld.org/lod/gnis/feature/1871542,Lakeview Junior High School,http://gnis-ld.org/geometry/point/gnisf.1871542,<http://www.opengis.net/def/crs/OGC/1.3/CRS84>POINT(-120.4353054 34.8914976)
http://gnis-ld.org/lod/gnis/feature/1871563,Calvin C Oakley Elementary School,http://gnis-ld.org/geometry/point/gnisf.1871563,<http://www.opengis.net/def/crs/OGC/1.3/CRS84>POINT(-120.4514596 34.966632)
http://gnis-ld.org/lod/gnis/feature/1871569,Conejo School,http://gnis-ld.org/geometry/point/gnisf.1871569,<http://www.opengis.net/def/crs/OGC/1.3/CRS84>POINT(-120.4429416 34.9435894)
http://gnis-ld.org/lod/gnis/feature/1871584,Battles Elementary School,http://gnis-ld.org/geometry/point/gnisf.1871584,<http://www.opengis.net/def/crs/OGC/1.3/CRS84>POINT(-120.4279991 34.9320645)
http://gnis-ld.org/lod/gnis/feature/1871624,Rice Elementary School,http://gnis-ld.org/geometry/point/gnisf.1871624,<http://www.opengis.net/def/crs/OGC/1.3/CRS84>POINT(-120.426886 34.9667303)
http://gnis-ld.org/lod/gnis/feature/1871627,Blockman School (historical),http://gnis-ld.org/geometry/point/gnisf.1871627,<http://www.opengis.net/def/crs/OGC/1.3/CRS84>POINT(-120.31738 34.8374802)
http://gnis-ld.org/lod/gnis/feature/1871634,Crestview Elementary School,http://gnis-ld.org/geometry/point/gnisf.1871634,<http://www.opengis.net/def/crs/OGC/1.3/CRS84>POINT(-120.5285366 34.7558508)
http://gnis-ld.org/lod/gnis/feature/1871636,Delta Continuation High School,http://gnis-ld.org/geometry/point/gnisf.1871636,<http://www.opengis.net/def/crs/OGC/1.3/CRS84>POINT(-120.4339473 34.8659467)
http://gnis-ld.org/lod/gnis/feature/1871661,Patterson Road School,http://gnis-ld.org/geometry/point/gnisf.1871661,<http://www.opengis.net/def/crs/OGC/1.3/CRS84>POINT(-120.4311016 34.8680257)
http://gnis-ld.org/lod/gnis/feature/1871663,Pine Grove Elementary School,http://gnis-ld.org/geometry/point/gnisf.1871663,<http://www.opengis.net/def/crs/OGC/1.3/CRS84>POINT(-120.4197414 34.8564752)
http://gnis-ld.org/lod/gnis/feature/1871687,Allan Hancock College Lompoc Valley Center,http://gnis-ld.org/geometry/point/gnisf.1871687,<http://www.opengis.net/def/crs/OGC/1.3/CRS84>POINT(-120.4599404 34.6810142)
http://gnis-ld.org/lod/gnis/feature/1871723,Maple High School,http://gnis-ld.org/geometry/point/gnisf.1871723,<http://www.opengis.net/def/crs/OGC/1.3/CRS84>POINT(-120.5026658 34.7452593)
http://gnis-ld.org/lod/gnis/feature/1871834,Dos Pueblos High School,http://gnis-ld.org/geometry/point/gnisf.1871834,<http://www.opengis.net/def/crs/OGC/1.3/CRS84>POINT(-119.8789167 34.4380788)
http://gnis-ld.org/lod/gnis/feature/1871845,Hollister Elementary School,http://gnis-ld.org/geometry/point/gnisf.1871845,<http://www.opengis.net/def/crs/OGC/1.3/CRS84>POINT(-119.7948407 34.4323721)
http://gnis-ld.org/lod/gnis/feature/1871874,Alpha Training School,http://gnis-ld.org/geometry/point/gnisf.1871874,<http://www.opengis.net/def/crs/OGC/1.3/CRS84>POINT(-119.7762501 34.4513859)
http://gnis-ld.org/lod/gnis/feature/1871896,Kellogg School,http://gnis-ld.org/geometry/point/gnisf.1871896,<http://www.opengis.net/def/crs/OGC/1.3/CRS84>POINT(-119.8211469 34.4470014)
http://gnis-ld.org/lod/gnis/feature/1871900,Las Alturas Continuation High School,http://gnis-ld.org/geometry/point/gnisf.1871900,<http://www.opengis.net/def/crs/OGC/1.3/CRS84>POINT(-119.7561232 34.4494925)
http://gnis-ld.org/lod/gnis/feature/1871907,Santa Barbara Adventist School,http://gnis-ld.org/geometry/point/gnisf.1871907,<http://www.opengis.net/def/crs/OGC/1.3/CRS84>POINT(-119.7804517 34.4346914)
http://gnis-ld.org/lod/gnis/feature/1871941,Marymount of Santa Barbara School,http://gnis-ld.org/geometry/point/gnisf.1871941,<http://www.opengis.net/def/crs/OGC/1.3/CRS84>POINT(-119.7083997 34.4429884)
http://gnis-ld.org/lod/gnis/feature/1871971,The Waldorf School of Santa Barbara,http://gnis-ld.org/geometry/point/gnisf.1871971,<http://www.opengis.net/def/crs/OGC/1.3/CRS84>POINT(-119.8862027 34.4389982)
http://gnis-ld.org/lod/gnis/feature/1872034,Brooks Institute of Photography Jefferson Campus,http://gnis-ld.org/geometry/point/gnisf.1872034,<http://www.opengis.net/def/crs/OGC/1.3/CRS84>POINT(-119.6948543 34.4370006)
http://gnis-ld.org/lod/gnis/feature/1872036,Cleveland Elementary School,http://gnis-ld.org/geometry/point/gnisf.1872036,<http://www.opengis.net/def/crs/OGC/1.3/CRS84>POINT(-119.6720991 34.4288091)
http://gnis-ld.org/lod/gnis/feature/1872050,Howard School,http://gnis-ld.org/geometry/point/gnisf.1872050,<http://www.opengis.net/def/crs/OGC/1.3/CRS84>POINT(-119.5104017 34.4064817)
http://gnis-ld.org/lod/gnis/feature/1872053,La Cuesta Continuation High School,http://gnis-ld.org/geometry/point/gnisf.1872053,<http://www.opengis.net/def/crs/OGC/1.3/CRS84>POINT(-119.6960248 34.4213743)
http://gnis-ld.org/lod/gnis/feature/1872094,Canalino Elementary School,http://gnis-ld.org/geometry/point/gnisf.1872094,<http://www.opengis.net/def/crs/OGC/1.3/CRS84>POINT(-119.5153227 34.4041585)
http://gnis-ld.org/lod/gnis/feature/1872103,Carpinteria Middle School,http://gnis-ld.org/geometry/point/gnisf.1872103,<http://www.opengis.net/def/crs/OGC/1.3/CRS84>POINT(-119.5151167 34.3954992)
http://gnis-ld.org/lod/gnis/feature/1872123,Immaculate Heart College,http://gnis-ld.org/geometry/point/gnisf.1872123,<http://www.opengis.net/def/crs/OGC/1.3/CRS84>POINT(-119.6242973 34.4480512)
http://gnis-ld.org/lod/gnis/feature/1872139,Summerland Elementary School,http://gnis-ld.org/geometry/point/gnisf.1872139,<http://www.opengis.net/def/crs/OGC/1.3/CRS84>POINT(-119.5973234 34.421462)
http://gnis-ld.org/lod/gnis/feature/2518351,Saint Joseph Seminary College,http://gnis-ld.org/geometry/point/gnisf.2518351,<http://www.opengis.net/def/crs/OGC/1.3/CRS84>POINT(-120.4352904 34.8680752)
http://gnis-ld.org/lod/gnis/feature/2548610,Sports Pavilion (Allan Hancock College - Main Campus),http://gnis-ld.org/geometry/point/gnisf.2548610,<http://www.opengis.net/def/crs/OGC/1.3/CRS84>POINT(-120.418718 34.942588)
http://gnis-ld.org/lod/gnis/feature/2370728,Pacifica Graduate Institute - Lambert Campus,http://gnis-ld.org/geometry/point/gnisf.2370728,<http://www.opengis.net/def/crs/OGC/1.3/CRS84>POINT(-119.580554 34.421813)
http://gnis-ld.org/lod/gnis/feature/2370735,Fielding Graduate University,http://gnis-ld.org/geometry/point/gnisf.2370735,<http://www.opengis.net/def/crs/OGC/1.3/CRS84>POINT(-119.7172498 34.4293127)
http://gnis-ld.org/lod/gnis/feature/2518370,Carpinteria Family School,http://gnis-ld.org/geometry/point/gnisf.2518370,<http://www.opengis.net/def/crs/OGC/1.3/CRS84>POINT(-119.5152616 34.4032239)
http://gnis-ld.org/lod/gnis/feature/2518327,Arellanes Junior High School,http://gnis-ld.org/geometry/point/gnisf.2518327,<http://www.opengis.net/def/crs/OGC/1.3/CRS84>POINT(-120.4829354 34.8954492)
http://gnis-ld.org/lod/gnis/feature/2518335,Providence Lower School Campus,http://gnis-ld.org/geometry/point/gnisf.2518335,<http://www.opengis.net/def/crs/OGC/1.3/CRS84>POINT(-119.7457532 34.4298086)
http://gnis-ld.org/lod/gnis/feature/2518337,Rincon High School,http://gnis-ld.org/geometry/point/gnisf.2518337,<http://www.opengis.net/def/crs/OGC/1.3/CRS84>POINT(-119.5177967 34.410723)
http://gnis-ld.org/lod/gnis/feature/2518347,Open Alternative School,http://gnis-ld.org/geometry/point/gnisf.2518347,<http://www.opengis.net/def/crs/OGC/1.3/CRS84>POINT(-119.7568311 34.449481)
http://gnis-ld.org/lod/gnis/feature/2518382,Tommie Kunst Junior High School,http://gnis-ld.org/geometry/point/gnisf.2518382,<http://www.opengis.net/def/crs/OGC/1.3/CRS84>POINT(-120.4475504 34.9853962)
http://gnis-ld.org/lod/gnis/feature/2518384,Pioneer Valley High School,http://gnis-ld.org/geometry/point/gnisf.2518384,<http://www.opengis.net/def/crs/OGC/1.3/CRS84>POINT(-120.401408 34.9584722)
http://gnis-ld.org/lod/gnis/feature/2518389,Oak Valley Elementary School,http://gnis-ld.org/geometry/point/gnisf.2518389,<http://www.opengis.net/def/crs/OGC/1.3/CRS84>POINT(-120.2069348 34.6211996)
http://gnis-ld.org/lod/gnis/feature/2551026,Brooks Institute Cota Street Campus,http://gnis-ld.org/geometry/point/gnisf.2551026,<http://www.opengis.net/def/crs/OGC/1.3/CRS84>POINT(-119.6967967 34.4181465)
